0,ROBERTO,*,*,<srai>ME LLAMO</srai>,nombres.aiml
0,ROBERTO *,*,*,<srai>ME LLAMO</srai>,nombres.aiml
0,* ROBERTO,*,*,<srai>ME LLAMO</srai>,nombres.aiml
0,_ ROBERTO *,*,*,<srai>ME LLAMO</srai>,nombres.aiml
0,ROLANDO,*,*,<srai>ME LLAMO</srai>,nombres.aiml
0,ROLANDO *,*,*,<srai>ME LLAMO</srai>,nombres.aiml
0,* ROLANDO,*,*,<srai>ME LLAMO</srai>,nombres.aiml
0,_ ROLANDO *,*,*,<srai>ME LLAMO</srai>,nombres.aiml
0,BIANCA,*,*,<srai>ME LLAMO</srai>,nombres.aiml
0,BIANCA *,*,*,<srai>ME LLAMO</srai>,nombres.aiml
0,* BIANCA,*,*,<srai>ME LLAMO</srai>,nombres.aiml
0,_ BIANCA *,*,*,<srai>ME LLAMO</srai>,nombres.aiml
0,ANANÍAS,*,*,<srai>ME LLAMO</srai>,nombres.aiml
0,ANANÍAS *,*,*,<srai>ME LLAMO</srai>,nombres.aiml
0,* ANANÍAS,*,*,<srai>ME LLAMO</srai>,nombres.aiml
0,_ ANANÍAS *,*,*,<srai>ME LLAMO</srai>,nombres.aiml
0,ELVIS,*,*,<srai>ME LLAMO</srai>,nombres.aiml
0,ELVIS *,*,*,<srai>ME LLAMO</srai>,nombres.aiml
0,* ELVIS,*,*,<srai>ME LLAMO</srai>,nombres.aiml
0,_ ELVIS *,*,*,<srai>ME LLAMO</srai>,nombres.aiml
0,ALEXEY,*,*,<srai>ME LLAMO</srai>,nombres.aiml
0,ALEXEY *,*,*,<srai>ME LLAMO</srai>,nombres.aiml
0,* ALEXEY,*,*,<srai>ME LLAMO</srai>,nombres.aiml
0,_ ALEXEY *,*,*,<srai>ME LLAMO</srai>,nombres.aiml
0,EVELIA,*,*,<srai>ME LLAMO</srai>,nombres.aiml
0,EVELIA *,*,*,<srai>ME LLAMO</srai>,nombres.aiml
0,* EVELIA,*,*,<srai>ME LLAMO</srai>,nombres.aiml
0,_ EVELIA *,*,*,<srai>ME LLAMO</srai>,nombres.aiml
0,DONNA,*,*,<srai>ME LLAMO</srai>,nombres.aiml
0,DONNA *,*,*,<srai>ME LLAMO</srai>,nombres.aiml
0,* DONNA,*,*,<srai>ME LLAMO</srai>,nombres.aiml
0,_ DONNA *,*,*,<srai>ME LLAMO</srai>,nombres.aiml
0,RAFAEL,*,*,<srai>ME LLAMO</srai>,nombres.aiml
0,RAFAEL *,*,*,<srai>ME LLAMO</srai>,nombres.aiml
0,* RAFAEL,*,*,<srai>ME LLAMO</srai>,nombres.aiml
0,_ RAFAEL *,*,*,<srai>ME LLAMO</srai>,nombres.aiml
0,ADAN,*,*,<srai>ME LLAMO</srai>,nombres.aiml
0,ADAN *,*,*,<srai>ME LLAMO</srai>,nombres.aiml
0,* ADAN,*,*,<srai>ME LLAMO</srai>,nombres.aiml
0,_ ADAN *,*,*,<srai>ME LLAMO</srai>,nombres.aiml
0,ADOLFO,*,*,<srai>ME LLAMO</srai>,nombres.aiml
0,ADOLFO *,*,*,<srai>ME LLAMO</srai>,nombres.aiml
0,* ADOLFO,*,*,<srai>ME LLAMO</srai>,nombres.aiml
0,_ ADOLFO *,*,*,<srai>ME LLAMO</srai>,nombres.aiml
0,ADRIA,*,*,<srai>ME LLAMO</srai>,nombres.aiml
0,ADRIA *,*,*,<srai>ME LLAMO</srai>,nombres.aiml
0,* ADRIA,*,*,<srai>ME LLAMO</srai>,nombres.aiml
0,_ ADRIA *,*,*,<srai>ME LLAMO</srai>,nombres.aiml
0,ADRIAN,*,*,<srai>ME LLAMO</srai>,nombres.aiml
0,ADRIAN *,*,*,<srai>ME LLAMO</srai>,nombres.aiml
0,* ADRIAN,*,*,<srai>ME LLAMO</srai>,nombres.aiml
0,_ ADRIAN *,*,*,<srai>ME LLAMO</srai>,nombres.aiml
0,AGUSTI,*,*,<srai>ME LLAMO</srai>,nombres.aiml
0,AGUSTI *,*,*,<srai>ME LLAMO</srai>,nombres.aiml
0,* AGUSTI,*,*,<srai>ME LLAMO</srai>,nombres.aiml
0,_ AGUSTI *,*,*,<srai>ME LLAMO</srai>,nombres.aiml
0,AGUSTIN,*,*,<srai>ME LLAMO</srai>,nombres.aiml
0,AGUSTIN *,*,*,<srai>ME LLAMO</srai>,nombres.aiml
0,* AGUSTIN,*,*,<srai>ME LLAMO</srai>,nombres.aiml
0,_ AGUSTIN *,*,*,<srai>ME LLAMO</srai>,nombres.aiml
0,ALBERT,*,*,<srai>ME LLAMO</srai>,nombres.aiml
0,ALBERT *,*,*,<srai>ME LLAMO</srai>,nombres.aiml
0,* ALBERT,*,*,<srai>ME LLAMO</srai>,nombres.aiml
0,_ ALBERT *,*,*,<srai>ME LLAMO</srai>,nombres.aiml
0,ALBERTO,*,*,<srai>ME LLAMO</srai>,nombres.aiml
0,ALBERTO *,*,*,<srai>ME LLAMO</srai>,nombres.aiml
0,* ALBERTO,*,*,<srai>ME LLAMO</srai>,nombres.aiml
0,_ ALBERTO *,*,*,<srai>ME LLAMO</srai>,nombres.aiml
0,ALEJANDRO,*,*,<srai>ME LLAMO</srai>,nombres.aiml
0,ALEJANDRO *,*,*,<srai>ME LLAMO</srai>,nombres.aiml
0,* ALEJANDRO,*,*,<srai>ME LLAMO</srai>,nombres.aiml
0,_ ALEJANDRO *,*,*,<srai>ME LLAMO</srai>,nombres.aiml
0,ALEX,*,*,<srai>ME LLAMO</srai>,nombres.aiml
0,ALEX *,*,*,<srai>ME LLAMO</srai>,nombres.aiml
0,* ALEX,*,*,<srai>ME LLAMO</srai>,nombres.aiml
0,_ ALEX *,*,*,<srai>ME LLAMO</srai>,nombres.aiml
0,ALFONSO,*,*,<srai>ME LLAMO</srai>,nombres.aiml
0,ALFONSO *,*,*,<srai>ME LLAMO</srai>,nombres.aiml
0,* ALFONSO,*,*,<srai>ME LLAMO</srai>,nombres.aiml
0,_ ALFONSO *,*,*,<srai>ME LLAMO</srai>,nombres.aiml
0,ALFREDO,*,*,<srai>ME LLAMO</srai>,nombres.aiml
0,ALFREDO *,*,*,<srai>ME LLAMO</srai>,nombres.aiml
0,* ALFREDO,*,*,<srai>ME LLAMO</srai>,nombres.aiml
0,_ ALFREDO *,*,*,<srai>ME LLAMO</srai>,nombres.aiml
0,ANA,*,*,<srai>ME LLAMO</srai>,nombres.aiml
0,ANA *,*,*,<srai>ME LLAMO</srai>,nombres.aiml
0,* ANA,*,*,<srai>ME LLAMO</srai>,nombres.aiml
0,_ ANA *,*,*,<srai>ME LLAMO</srai>,nombres.aiml
0,ANNA,*,*,<srai>ME LLAMO</srai>,nombres.aiml
0,ANNA *,*,*,<srai>ME LLAMO</srai>,nombres.aiml
0,* ANNA,*,*,<srai>ME LLAMO</srai>,nombres.aiml
0,_ ANNA *,*,*,<srai>ME LLAMO</srai>,nombres.aiml
0,ANTONI,*,*,<srai>ME LLAMO</srai>,nombres.aiml
0,ANTONI *,*,*,<srai>ME LLAMO</srai>,nombres.aiml
0,* ANTONI,*,*,<srai>ME LLAMO</srai>,nombres.aiml
0,_ ANTONI *,*,*,<srai>ME LLAMO</srai>,nombres.aiml
0,ANTONIO,*,*,<srai>ME LLAMO</srai>,nombres.aiml
0,ANTONIO *,*,*,<srai>ME LLAMO</srai>,nombres.aiml
0,* ANTONIO,*,*,<srai>ME LLAMO</srai>,nombres.aiml
0,_ ANTONIO *,*,*,<srai>ME LLAMO</srai>,nombres.aiml
0,ARTURO,*,*,<srai>ME LLAMO</srai>,nombres.aiml
0,ARTURO *,*,*,<srai>ME LLAMO</srai>,nombres.aiml
0,* ARTURO,*,*,<srai>ME LLAMO</srai>,nombres.aiml
0,_ ARTURO *,*,*,<srai>ME LLAMO</srai>,nombres.aiml
0,CARLOS,*,*,<srai>ME LLAMO</srai>,nombres.aiml
0,CARLOS *,*,*,<srai>ME LLAMO</srai>,nombres.aiml
0,* CARLOS,*,*,<srai>ME LLAMO</srai>,nombres.aiml
0,_ CARLOS *,*,*,<srai>ME LLAMO</srai>,nombres.aiml
0,DAVID,*,*,<srai>ME LLAMO</srai>,nombres.aiml
0,DAVID *,*,*,<srai>ME LLAMO</srai>,nombres.aiml
0,* DAVID,*,*,<srai>ME LLAMO</srai>,nombres.aiml
0,_ DAVID *,*,*,<srai>ME LLAMO</srai>,nombres.aiml
0,EDU,*,*,<srai>ME LLAMO</srai>,nombres.aiml
0,EDU *,*,*,<srai>ME LLAMO</srai>,nombres.aiml
0,* EDU,*,*,<srai>ME LLAMO</srai>,nombres.aiml
0,_ EDU *,*,*,<srai>ME LLAMO</srai>,nombres.aiml
0,EDUARDO,*,*,<srai>ME LLAMO</srai>,nombres.aiml
0,EDUARDO *,*,*,<srai>ME LLAMO</srai>,nombres.aiml
0,* EDUARDO,*,*,<srai>ME LLAMO</srai>,nombres.aiml
0,_ EDUARDO *,*,*,<srai>ME LLAMO</srai>,nombres.aiml
0,IKER,*,*,<srai>ME LLAMO</srai>,nombres.aiml
0,IKER *,*,*,<srai>ME LLAMO</srai>,nombres.aiml
0,* IKER,*,*,<srai>ME LLAMO</srai>,nombres.aiml
0,_ IKER *,*,*,<srai>ME LLAMO</srai>,nombres.aiml
0,IVAN,*,*,<srai>ME LLAMO</srai>,nombres.aiml
0,IVAN *,*,*,<srai>ME LLAMO</srai>,nombres.aiml
0,* IVAN,*,*,<srai>ME LLAMO</srai>,nombres.aiml
0,_ IVAN *,*,*,<srai>ME LLAMO</srai>,nombres.aiml
0,JAIME,*,*,<srai>ME LLAMO</srai>,nombres.aiml
0,JAIME *,*,*,<srai>ME LLAMO</srai>,nombres.aiml
0,* JAIME,*,*,<srai>ME LLAMO</srai>,nombres.aiml
0,_ JAIME *,*,*,<srai>ME LLAMO</srai>,nombres.aiml
0,JAUME,*,*,<srai>ME LLAMO</srai>,nombres.aiml
0,JAUME *,*,*,<srai>ME LLAMO</srai>,nombres.aiml
0,* JAUME,*,*,<srai>ME LLAMO</srai>,nombres.aiml
0,_ JAUME *,*,*,<srai>ME LLAMO</srai>,nombres.aiml
0,JAVI,*,*,<srai>ME LLAMO</srai>,nombres.aiml
0,JAVI *,*,*,<srai>ME LLAMO</srai>,nombres.aiml
0,* JAVI,*,*,<srai>ME LLAMO</srai>,nombres.aiml
0,_ JAVI *,*,*,<srai>ME LLAMO</srai>,nombres.aiml
0,JAVIER,*,*,<srai>ME LLAMO</srai>,nombres.aiml
0,JAVIER *,*,*,<srai>ME LLAMO</srai>,nombres.aiml
0,* JAVIER,*,*,<srai>ME LLAMO</srai>,nombres.aiml
0,_ JAVIER *,*,*,<srai>ME LLAMO</srai>,nombres.aiml
0,JORDI,*,*,<srai>ME LLAMO</srai>,nombres.aiml
0,JORDI *,*,*,<srai>ME LLAMO</srai>,nombres.aiml
0,* JORDI,*,*,<srai>ME LLAMO</srai>,nombres.aiml
0,_ JORDI *,*,*,<srai>ME LLAMO</srai>,nombres.aiml
0,JORGE,*,*,<srai>ME LLAMO</srai>,nombres.aiml
0,JORGE *,*,*,<srai>ME LLAMO</srai>,nombres.aiml
0,* JORGE,*,*,<srai>ME LLAMO</srai>,nombres.aiml
0,_ JORGE *,*,*,<srai>ME LLAMO</srai>,nombres.aiml
0,JOSÉ,*,*,<srai>JOSE</srai>,nombres.aiml
0,JOSE,*,*,<srai>ME LLAMO</srai>,nombres.aiml
0,JUAN,*,*,<srai>ME LLAMO</srai>,nombres.aiml
0,JUAN *,*,*,<srai>ME LLAMO</srai>,nombres.aiml
0,* JUAN,*,*,<srai>ME LLAMO</srai>,nombres.aiml
0,_ JUAN *,*,*,<srai>ME LLAMO</srai>,nombres.aiml
0,LUIS,*,*,<srai>ME LLAMO</srai>,nombres.aiml
0,LUIS *,*,*,<srai>ME LLAMO</srai>,nombres.aiml
0,* LUIS,*,*,<srai>ME LLAMO</srai>,nombres.aiml
0,_ LUIS *,*,*,<srai>ME LLAMO</srai>,nombres.aiml
0,MARC,*,*,<srai>ME LLAMO</srai>,nombres.aiml
0,MARC *,*,*,<srai>ME LLAMO</srai>,nombres.aiml
0,* MARC,*,*,<srai>ME LLAMO</srai>,nombres.aiml
0,_ MARC *,*,*,<srai>ME LLAMO</srai>,nombres.aiml
0,MARCOS,*,*,<srai>ME LLAMO</srai>,nombres.aiml
0,MARCOS *,*,*,<srai>ME LLAMO</srai>,nombres.aiml
0,* MARCOS,*,*,<srai>ME LLAMO</srai>,nombres.aiml
0,_ MARCOS *,*,*,<srai>ME LLAMO</srai>,nombres.aiml
0,MIGUEL,*,*,<srai>ME LLAMO</srai>,nombres.aiml
0,MIGUEL *,*,*,<srai>ME LLAMO</srai>,nombres.aiml
0,* MIGUEL,*,*,<srai>ME LLAMO</srai>,nombres.aiml
0,_ MIGUEL *,*,*,<srai>ME LLAMO</srai>,nombres.aiml
0,PABLO,*,*,<srai>ME LLAMO</srai>,nombres.aiml
0,PABLO *,*,*,<srai>ME LLAMO</srai>,nombres.aiml
0,* PABLO,*,*,<srai>ME LLAMO</srai>,nombres.aiml
0,_ PABLO *,*,*,<srai>ME LLAMO</srai>,nombres.aiml
0,PEDRO,*,*,<srai>ME LLAMO</srai>,nombres.aiml
0,PEDRO *,*,*,<srai>ME LLAMO</srai>,nombres.aiml
0,* PEDRO,*,*,<srai>ME LLAMO</srai>,nombres.aiml
0,_ PEDRO *,*,*,<srai>ME LLAMO</srai>,nombres.aiml
0,RAMON,*,*,<srai>ME LLAMO</srai>,nombres.aiml
0,RAMON *,*,*,<srai>ME LLAMO</srai>,nombres.aiml
0,* RAMON,*,*,<srai>ME LLAMO</srai>,nombres.aiml
0,_ RAMON *,*,*,<srai>ME LLAMO</srai>,nombres.aiml
0,RAUL,*,*,<srai>ME LLAMO</srai>,nombres.aiml
0,RAUL *,*,*,<srai>ME LLAMO</srai>,nombres.aiml
0,* RAUL,*,*,<srai>ME LLAMO</srai>,nombres.aiml
0,_ RAUL *,*,*,<srai>ME LLAMO</srai>,nombres.aiml
0,RICARDO,*,*,<srai>ME LLAMO</srai>,nombres.aiml
0,RICARDO *,*,*,<srai>ME LLAMO</srai>,nombres.aiml
0,* RICARDO,*,*,<srai>ME LLAMO</srai>,nombres.aiml
0,_ RICARDO *,*,*,<srai>ME LLAMO</srai>,nombres.aiml
0,TERESA,*,*,<srai>ME LLAMO</srai>,nombres.aiml
0,TERESA *,*,*,<srai>ME LLAMO</srai>,nombres.aiml
0,* TERESA,*,*,<srai>ME LLAMO</srai>,nombres.aiml
0,_ TERESA *,*,*,<srai>ME LLAMO</srai>,nombres.aiml
0,VICTOR,*,*,<srai>ME LLAMO</srai>,nombres.aiml
0,VICTOR *,*,*,<srai>ME LLAMO</srai>,nombres.aiml
0,* VICTOR,*,*,<srai>ME LLAMO</srai>,nombres.aiml
0,_ VICTOR *,*,*,<srai>ME LLAMO</srai>,nombres.aiml
